location,price,title
"DHA Defence, Karachi","Rs 129,999","Dell Laptop , Lenove , Hp And Acer"
"Cantt, Karachi","Rs 20,000","Rugged Laptop panasonic toughbook ,Getac Core i5 1st Gen Till 7th Gen"
"Saddar, Karachi","Rs 40,000",student computer
"Saddar, Karachi","Rs 21,500",HP laptop 4 gb ram 320 gb b hard disk
"Rashid Minhas Road, Karachi","Rs 24,999",Laptops are available in best price available for sale in karachi
"Garden West, Karachi","Rs 35,000",MacBook pro 2012 10/10  fresh
"Farooq-e-Azam, Karachi","Rs 51,000",Dell Laptop for sell
"DHA Phase 4, Karachi","Rs 16,500",New arrival study and laptop table
"DHA Phase 4, Karachi","Rs 2,450","Portable folding table for study, laptop desk, laptop support table"
"Saddar, Karachi","Rs 38,000",Dell laptops ( gaming SSD )+( hp i5 i3 apple ) 10th gen
"North Karachi - Sector 11L, Karachi","Rs 38,000",Dell Latitude 7270/5480 Core i5 6th gen in cheap
"North Karachi, Karachi","Rs 6,000",Dell D430 Laptop
"Shahra-e-Faisal, Karachi","Rs 43,000",Macbook Pro 2012
"Gul Bahar, Karachi","Rs 10,000",Ho 6910 Intel core 2 duo
"Shah Town, Karachi","Rs 33,000",Lenovo ThinkPad T450 8GB 500GB
"Chishti Nagar, Karachi","Rs 39,000",HP CORE i5 4th GEN TOUCH screen 4 GB Ram
"Clifton, Karachi","Rs 27,000",Laptop
"North Karachi, Karachi","Rs 2,500",Dell CD/DVD-ROM
"Soldier Bazar, Karachi","Rs 17,000",HP Elitebook 8440p Core i5 1st gen
"BMCHS, Karachi",Rs 850,Laptop Table Desk Storage Stool Box Chair Bluetooth Mic Bear Kids Toys
"Scheme 33, Karachi","Rs 19,999",Gaming Laptop available in best price Dell hp lenovo asus i7 i5 Ryzen
"Gulshan-e-Iqbal, Karachi","Rs 35,500",I5 6TH GENERATION LAPTOP HP PROBOOK 640G2 BEST PRICE FATTANI COMPUTERS
"Gulistan-e-Jauhar Block 17, Karachi","Rs 80,000",LAPTOP WITH 6 MONTHS WARRANTY HP ELITEBOOK 840G5 CORE I5 8t GENERATION
"Saddar, Karachi","Rs 21,500",HP laptop 4 gb ram 320 gb b hard disk
"DHA Defence, Karachi","Rs 40,000",LENOVO G50-80-80E5 Core i5 7th generation
"Saddar Town, Karachi","Rs 20,000","Rugged Laptop panasonic toughbook CF-C2, Core i5 3rd 4th Gen"
"Shah Faisal Town, Karachi","Rs 69,999",4k Ultra Slim Dell 360° Touch Screen Core i5 6th Genration 8GB + 256GB
"Scheme 33, Karachi","Rs 17,500",Assus Intel mini branded laptop
"Nazimabad, Karachi","Rs 28,000",Macbook Pro 13 Mid 2010
"Stadium Road, Karachi","Rs 24,500",Lenovo IdeaPad G50-80 5th Generation
"Airport, Karachi","Rs 45,999",8GB Ram Full HD 1080p 2GB Dedicated Card Dell Core i7 4th Gen 10by10
"Airport, Karachi","Rs 27,999",500GB Hard Dell Core i5 Laptop 4th Generation Read Add
"Federal B Area - Block 8, Karachi","Rs 80,000",Lenovo Gold Platinum
"North Karachi, Karachi","Rs 6,500",Laptop Core 2 Due
"North Karachi - Sector 11L, Karachi","Rs 55,000",Core i5/i7 8TH Gens Laptops In Very Resonable Prices
"Gulistan-e-Jauhar, Karachi","Rs 49,000",i7 4th Gen 15 inches 8 GB 500 GB 10 by 10 Condition
"Shah Faisal Town, Karachi","Rs 51,999",7th Generation Core i5 Dell 8GB Ram 256GB SSS 3 HRS Backup
"Saudabad, Karachi","Rs 1,190",Wireless Bluetooth Headphone Speaker Mobile Laptop Mp3 Pubg MIC Card
"Shah Faisal Town, Karachi","Rs 43,999",500GB Hard 5th Generation Dell Core i5 Display 15.6 NumPad
"Al Falah Society, Karachi",Rs 650,Storage Stool box Chair laptop table desk Bear Bluetooth Mic Toys Pad
"Airport, Karachi","Rs 92,000","Dell Latitude 5511, i5 10th, 16gb, 256gbssd"
"Saddar, Karachi","Rs 15,999",HP Dell Lenovo Samsung We Deal In All Kinds Of Laptop / Accessories
"Saddar, Karachi","Rs 72,000",LAPTOP WITH 1 MONTHS WARRANTY HP ELITEBOOK 840G5 CORE I5/8t GENERATION
"Airport, Karachi","Rs 33,499",Hp probook core i5 4th generation laptop for sale
"Shahra-e-Faisal, Karachi","Rs 50,000",DELL LATITUDE E5570 I5 6TH HQ LAPTOP AT FATTANI COMPUTERS
"Nazimabad, Karachi","Rs 43,999",Dell Laptop Core i7 4th Generation 2Gb Nvidia
"Dastgir Colony, Karachi","Rs 29,999",HP Pavilion Dv6 Laptop | core i7 | 2nd generation
"Clifton - Block 7, Karachi","Rs 90,000","Core i5-10th gen/8GB Ram/256GB SSD/15.6"" TOUCH(Delivery available)"
"Orangi Town, Karachi","Rs 10,999",Toshiba Satellite dual core
"Airport, Karachi","Rs 66,000",Dell Inspiron 5570 | Core i5-8th Generation | 8 GB Ram DDR4
"North Nazimabad - Block E, Karachi","Rs 82,500",Dell latitude 5500 (i7 8th gen)
"Orangi Town, Karachi","Rs 45,000",Dell i5 6th Generation
"Shahra-e-Faisal, Karachi","Rs 37,500",Hp ProBook Core i5 4th Gen Display 15.6 NumPad 500GB Hard
"Shah Faisal Town, Karachi","Rs 29,999",Hp EliteBook Core i5 3rd Gen 1GB AMD Graphics Card
"North Karachi Buffer Zone, Karachi","Rs 32,000",windows surface pro 3
"Korangi, Karachi","Rs 31,500",dell e7250 corei5 5th gen 4gb ram 256gb ssd
"Clifton, Karachi","Rs 99,000",HP Probook 450 G7 Corei5 10th Gen Laptop (Fresh UK Import)
"DHA Defence, Karachi","Rs 45,000",Hp pavilion 8gb/1tb with 2gb graphics card
"Shahra-e-Faisal, Karachi","Rs 39,999",8GB Ram Full HD 1080p Hp EliteBook Core i5 4th Gen display 15.6 inch
"Airport, Karachi","Rs 21,999",Core i7 2nd Generation Toshiba Display 13.3 inch 320GB Hard
"Saddar, Karachi","Rs 32,000","2GB 128bit  nvedia grafics W530 core i7 QM 3rd gen 15.6"" led,A grad"
"Gulshan-E-Hadeed, Karachi",Rs 900,Battery - lithium Cells - Cells - Laptop Battery
"Jamshed Town, Karachi","Rs 61,999",Lenovo Core i5 9th generation
"Abul Hassan Isphani Road, Karachi","Rs 35,500",Sale on Hai Dell Latitude  Core i5 (6th Gen)slim Laptop/HAROON TRADERS
"Liaquatabad, Karachi","Rs 25,999",Lenovo Core i5 3rd generation
"Clifton - Block 7, Karachi","Rs 275,000",LENOVO LEGION 5 15.6 INCH FHD RYZEN 7 5800H 16GB 1TB RX6600M W11 HOME
"Shah Faisal Town, Karachi","Rs 25,999",Lenovo Core i7 3rd Generation 2.9 GHZ 320GB Hard With Warranty
"Quaidabad, Karachi","Rs 1,350",Bluetooth Neckband Headphone Speaker laptop Airdots Youtube Tiktok Mic
"Landhi Small Industry, Karachi","Rs 32,000","NEC VersaPro Intel Core i5, 5th Generation, 8GB Ram, 500GB HDD, 15.6"""
"Gulshan-e-Jamal, Karachi","Rs 66,500",Core i5 Dell Latitude E5590 8th generation Numpad
"North Karachi, Karachi","Rs 25,000",Dell Laptop
"Clifton - Block 1, Karachi","Rs 45,000",Dell Inc. Inspiron 5755 7th gen.
"Gulshan-e-Iqbal, Karachi","Rs 30,000",Dell laptop workstation
"New Karachi - Sector 5-A, Karachi","Rs 160,000","Asus Vivobook 15 M513U Laptop
AMD Ryzen 7 5700U"
"Baldia Town, Karachi","Rs 60,000",DELL LATITUDE E5470
"Gulistan-e-Jauhar Block 1, Karachi","Rs 12,000",fujitsu i3 first gen SSD 128
"Gulistan-e-Jauhar Block 16, Karachi","Rs 8,000",laptop and charger 03092476641
"Liaquatabad, Karachi","Rs 26,000",Macbook pro 2012 Mid Alll ok urgent sale
"Clifton, Karachi","Rs 7,500",Asus Chromebook
"Safoora Goth, Karachi","Rs 40,000",hp core i3 6th gen
"DHA Phase 5, Karachi","Rs 128,000",Dell Precision 5520
"PAF Housing Scheme, Karachi","Rs 88,000",Dell Precision  3520 Core i7 HQ 7th Generation 2gb ddr5 Graphic
"Bahadurabad, Karachi","Rs 7,800",Dell Chromebook 11 4GB Ram 16GB SSD Ultra Slim FATTANI COMPUTERS
"New Karachi, Karachi","Rs 19,999",Atlas Core i5 2nd generation touch and rotate
"Saddar, Karachi","Rs 40,000",student computer
"Jamshed Town, Karachi","Rs 61,999",Lenovo Core i5 9th generation
"University Road, Karachi","Rs 3,800",Sony vaio laptop for sell
"Orangi Town, Karachi","Rs 25,500",HP Core i7 2nd 1 GB Graphics 8Cores 15.6 inches  Hp Elitebook 8560p.
"Shahra-e-Faisal, Karachi","Rs 23,999","Dell Inspiron 17 Core i5 Display 17.3"" NumPad 4GB Ram Glossy Machine"
"North Karachi, Karachi","Rs 25,000",Hp laptop
"Model Colony, Karachi","Rs 1,350",bluetooth mic Storage Stool box Chair laptop table desk Bear Toys Pad
"Rashid Minhas Road, Karachi","Rs 45,999",Full HD 1080p 2GB Dedicated Card Dell Core i7 4th Gen 8GB Ram
"North Nazimabad, Karachi","Rs 110,000",Hp Omen 15 Laptop - Gaming Laptop
"Shah Faisal Town, Karachi","Rs 35,999",Glossy Machine Dell Inspiron Core i3 4th Genration Display 15.6 Numpad
"Gulshan-E-Faisal, Karachi","Rs 48,500",WorkStation Dell Core i7 4th Gen 2GB Card 8GB Ram 15inch
"Shah Faisal Town, Karachi","Rs 20,999",Hp ProBook Core i5 Display 15.6 numpad 4GB Ram With Warranty
"Gulshan-e-Iqbal, Karachi","Rs 150,000",Acer Nitro 5 (AN517-51)
"Saddar, Karachi","Rs 7,000",Laptop Screen
"North Nazimabad, Karachi","Rs 145,000",Msi Gl63 Laptop - Gaming Laptop
"Gulistan-e-Jauhar Block 13, Karachi","Rs 10,499",Toshiba CB30 Chromebook 3/16 USA STOCK ( 15 inch big screen )
"Abul Hassan Isphani Road, Karachi","Rs 35,500",Sale on Hai Dell Latitude  Core i5 (6th Gen)slim Laptop/HAROON TRADERS
"Saddar, Karachi","Rs 81,999",Macbook Pro 2015
"Airport Road, Karachi","Rs 46,500",Lenovo Yoga 370 x360 Touch
"Abdullah Haroon Road, Karachi","Rs 27,999",Lenovo T440p Intel Core i5 4th Gen Laptop Qty Stock At/HAROON TRADERS
"Gulshan-E-Hadeed, Karachi",Rs 900,Battery - lithium Cells - Cells - Laptop Battery
"Saddar Town, Karachi","Rs 39,999",HP Laptop Core i5 5th generation
"Aisha Manzil, Karachi","Rs 170,000",Gaming laptop MSI i7 9th
"Gulshan-e-Iqbal, Karachi","Rs 3,500",laptop ram 8gb pc3l ddr3  quantity available
"Shahra-e-Faisal, Karachi","Rs 50,000","Dell Core i3 7th Generation - 15.6"" Display"
"DHA Phase 5, Karachi","Rs 220,000",Macbook Air M1 2020 Space Grey
"Abul Hassan Isphani Road, Karachi","Rs 8,000",LENOVO LAPTOP THINKPAD with charger and battery
"Firdos Colony, Karachi","Rs 45,000",hp envy notebook 15 touch smart i7 4th generation
"Federal B Area, Karachi","Rs 70,000",Asus rog 750 gaming laptop
"Shah Faisal Town, Karachi","Rs 46,999",8GB + 256GB SSD Dell Core i5 6th Generation Slim Laptop 3HRS Backup
"Saddar, Karachi","Rs 55,000",Dell Latitude 5490 ( i5 8th Generation ) Qty Available
"Shahra-e-Faisal, Karachi","Rs 37,500",3.0 GHZ Dell Core i7 4th Generation 500GB Hard 3 HRS Backup
"Shahra-e-Faisal, Karachi","Rs 36,500",500GB Hard 5th Generation Dell Core i5 4GB Ram 3 HRS + Backup
"Azizabad, Karachi","Rs 18,500","laptop+ table LENOVO THINK PAD X220, CORE I5 2ND GEN, 4GB 250GB"
"Shahra-e-Faisal, Karachi","Rs 39,999",Ultra Slim 5th Generation Dell Core i5 BackLight Keys 3 HRS Backup
"Orangi Town, Karachi","Rs 15,500",Hp Pavilion G6 core i3 15.6 inch screen laptop for sell
"Bahadurabad, Karachi","Rs 58,999",Dell Latitude 7480 Core i5 7th Gen with free bag + BT earphones
"Bahadurabad, Karachi","Rs 120,000",DELL Precision 7710 17.3” FHD Nvidia quadro M5000 8GB dedicated card
"Saddar, Karachi","Rs 21,500",HP laptop 4 gb ram 320 gb b hard disk
"Gulshan-e-Iqbal Town, Karachi","Rs 49,000",HP PROBOOK 650G2 LAPTOP I5 6TH USA IMPORT STOCK AT FATTANI COMPUTERS
"Clifton - Block 7, Karachi","Rs 235,000","Macbook  - AIR 13"" M1 - AIR 13"" M2 - PRO 13"" M2 - PRO 14"" M1 PRO"
"New Karachi, Karachi","Rs 19,999",Atlas Core i5 2nd generation touch and rotate
"Clifton, Karachi","Rs 80,000",HP Elitebook 840 G5 Corei5 8th Gen Laptop in Mint Condition 10/10
"DHA Phase 6, Karachi","Rs 88,000",Dell Inspiron 15 3593 i3 10th generation brand new condition
"Federal B Area, Karachi","Rs 16,500","Acer Aspire 4749z laptop i3 2gen, 4gb,250gb"
"Baloch Goth, Karachi","Rs 22,000",hp pavilion dv6000
"North Karachi, Karachi","Rs 14,500",core i5
"Clifton, Karachi","Rs 36,000",HP Folio 9480m Corei5 4th Gen Laptop in Excellent Condition 10/10
"Orangi Town, Karachi","Rs 36,000","Dell latitude touchscreen rotatable laptop 6th gen 8GB RAM, 128GBm2SSD"
"Bahadurabad, Karachi","Rs 22,500","h. p hp laptop 15 inch 3rd gen, a6 , 4 gb ram, 320 gb hdd, 9/10"
"Saddar, Karachi","Rs 2,499",ALL TYPE OF LAPTOP BATTERIES AVAILABLE
"Shahra-e-Faisal, Karachi","Rs 27,000",Dell Latitude E6230
"Quaidabad, Karachi","Rs 30,000",Gateway NV570P07u
"Light House, Karachi",Rs 999,All Type of laptop chargers available
"Orangi Town, Karachi","Rs 27,000",Dell latitude 7240 i5 4th gen.
"DHA Phase 4, Karachi","Rs 280,000",MacBook pro m2 new
"Gulshan-e-Iqbal, Karachi","Rs 30,000",Dell hp lenovo asus laptop in best range available in karachi
"PAF Housing Scheme, Karachi","Rs 88,000",Dell Precision  3520 Core i7 HQ 7th Generation 2gb ddr5 Graphic
"Gulshan-e-Iqbal Town, Karachi","Rs 32,000",HP PROBOOK 650G1 LAPTOP I5 4TH AT  FATTANI COMPUTERS
"Gulshan-e-Iqbal, Karachi","Rs 325,000",Apple MacBook Pro M1
"Saddar, Karachi","Rs 21,500",HP laptop 4 gb ram 320 gb b hard disk
"Gulshan-E-Hadeed, Karachi",Rs 900,Battery - lithium Cells - Cells - Laptop Battery
"Clifton, Karachi","Rs 50,000",Lenovo Thinkpad T470 Corei5 7th Gen Laptop with Touch Screen
"Agra Taj Colony, Karachi","Rs 30,000",hp pavilion notebook core i3 5th generation
"DHA Phase 6, Karachi","Rs 16,000",Modern study and laptop table
"Malir Cantonment, Karachi","Rs 85,500",MSi Gaming Laptop
"Aisha Manzil, Karachi","Rs 38,000",Dell Core i7 laptop laptops ssd gaming pc ( hp i5 i3 apple )
"Federal B Area, Karachi","Rs 28,500",Core i5 4th generation
"Farooq-e-Azam, Karachi",Rs 800,Customized Laptop Skin
"DHA Phase 5, Karachi","Rs 125,000",MacBook Air 2020 512GB Core i5 10th gen
"DHA Phase 6, Karachi","Rs 31,000",Macbook Pro 2012
"DHA Phase 2 Extension, Karachi","Rs 197,000",Asus Tuf A15 Brand New gaming laptop Ryzen 7 4800 rtx 3050 512gb 144hz
"Bahadurabad, Karachi","Rs 63,000",HP Pavilion i5 8th generation
"Abul Hassan Isphani Road, Karachi","Rs 85,000",Dell Latitude 3510 Core i5 10th Generation Laptop 15 inch Numpad
"North Karachi, Karachi","Rs 17,000",Laptop for Sale Lenovo G50-30 7th Gen
"Orangi Town, Karachi","Rs 2,200",Laptop Destop Repairing Shop
"Saddar, Karachi","Rs 32,999",HP elitbook 840G3 840G4 820G1 820G3 820G4 430G1 650G1 A grad 
"Clifton - Block 7, Karachi","Rs 450,000",ACER NITRO 5 17.3 INCH RYZEN 9 32GB 1TB RTX 3080 WINDOWS 11
"New Karachi, Karachi","Rs 19,999",Atlas Core i5 2nd generation touch and rotate
"Saddar, Karachi","Rs 14,999","Lowest price laptop,best for online work,4GB ram 250GB HDD windows 10"
"Bahadurabad, Karachi","Rs 57,000",Best Perfomance  Dell 3490 - 8th Gen Ci5 QuadCore HD+ Qty Available
"DHA Defence, Karachi","Rs 129,999","Dell Laptop , Lenove , Hp And Acer"
"Gulshan-e-Iqbal, Karachi","Rs 40,000",Laptop
"Saddar, Karachi","Rs 65,000",Dell  laptop core i7 genaration ( hp i5 i3 apple )
"Ranchore Line Bazar, Karachi","Rs 14,000",Dell laptop
"Saddar, Karachi","Rs 39,999","Dell laptops  (gaming SSD pc, ( hp i5 i3 apple ) ) 10th gen"
"Machar Colony, Karachi","Rs 17,500",deel core i5 2nd gunration 1 gb graphics card
"Grey Noor Tower & Shopping Mall, Karachi","Rs 165,000",MacBook Pro 15” 2016!!
"Gulistan-e-Jauhar Block 13, Karachi",Rs 699,High Quality Adjustable Foldable Laptop Stand | Laptop Stand
"Moachko, Karachi","Rs 28,500",Dell laptop core i7 10 generation for sale call me Whatsap 03498563473
"Ahsanabad, Karachi","Rs 34,500",intel core i 3 5th generation
"Nazimabad, Karachi","Rs 1,600",Dell E5420 Parts
"Guru Mandir Chorangi, Karachi","Rs 20,500",hp 8540p i7 first generation with good condition and working
"Airport, Karachi","Rs 23,999",Lenovo Thinkpad T420
"Gulshan-E-Hadeed, Karachi","Rs 15,000",hp elitebook 8540p
"100 Quarters, Karachi","Rs 42,000",Gatec S410 Core i5 6th Gen
"I.I. Chundrigar Road, Karachi","Rs 105,000",HP PROBOOK 450 G7 CORE i5 10th GENERATION
"Korangi, Karachi","Rs 45,999",Hp Core i7 6th generation 1gb AMD graphics
"Shahra-e-Faisal, Karachi","Rs 74,000",GAMING LAPTOP HP ZBook 15 G3  Workstation I7 6TH GEN FATTANI COMPUTERS
"Askari iv, Karachi","Rs 68,000",Lenovo ThinkPad 590 Laptop - Used
"Clifton - Block 7, Karachi","Rs 275,000",LENOVO LEGION 5 15.6 INCH FHD RYZEN 7 5800H 16GB 1TB RX6600M W11 HOME
"Saddar, Karachi","Rs 48,999",Hp Elite book 840 G2
"Gulistan-e-Jauhar Block 17, Karachi","Rs 27,000",HP Beat Studio AMD Laptop
"Malir Cantonment, Karachi","Rs 20,000",Laptop
"Nazimabad - Block 5C, Karachi","Rs 33,500","Dell Latitude E7250 12.5” Laptop, Intel i5-5300U 2.3GHz, 128 GB ,4GB"
"Techno City, Karachi","Rs 65,000",JUST LIKE NEW CONDITION Hp probook 440 G6
"Gulistan-e-Jauhar Block 10, Karachi","Rs 12,000",Fujitsu amilo pro-Japan laptop contact me
"Gulshan-E-Hadeed, Karachi","Rs 10,000",HP laptop 2 hours battery backup
"Malir Cantonment, Karachi","Rs 13,000",lap top core i5 ist generation lenevo
"Gulshan-e-Iqbal, Karachi","Rs 38,000",Branded import HP / Laptop core i7 10th gen ( Dell i5 i3 apple )
"Federal B Area - Block 12, Karachi","Rs 19,999",HP ProBook 6560b i5 2nd Gen
"Malir, Karachi","Rs 60,000",Core i5 7th generation
"Ancholi, Karachi","Rs 16,000",Dell XPS Gaming & Graphic Laptop
"Kala Board, Karachi","Rs 17,600",Dell i5  2nd generation 6520 vip condition
"Gulshan-e-Iqbal, Karachi","Rs 1,500",laptop all parts battery and led charger's available
"DHA City Sector 1, Karachi",Rs 500,PD 65w type C to C 10 inch Cable for data & charging
"Shahra-e-Faisal, Karachi","Rs 19,000",LENOVO THINKPAD L520 I5 2ND GEN 4GB 320GB 15.6  FATTANI COMPUTERS
"Rashid Minhas Road, Karachi","Rs 24,999",Laptops are available in best price available for sale in karachi
"Shahra-e-Faisal, Karachi","Rs 74,000",GAMING LAPTOP HP ZBook 15 G3  Workstation I7 6TH GEN FATTANI COMPUTERS
"New Karachi, Karachi","Rs 19,999",Atlas Core i5 2nd generation touch and rotate
"Saddar, Karachi","Rs 32,999",HP elitbook 840G3 840G4 820G1 820G3 820G4 430G1 650G1 A grad 
"Clifton - Block 7, Karachi","Rs 590,000",Macbook Pro 16-Inch M1 Pro
"Gulshan-e-Iqbal Town, Karachi","Rs 21,000",Laptop HP Elitebook i5 2nd gen 8560p
"KDA Scheme 1 Extension, Karachi","Rs 35,500",Dell latitude core i7 genretion 10 th (0346-8509560)
"Kala Board, Karachi","Rs 65,000",Intel Core i5 8th Gen
"Malir Cantonment, Karachi","Rs 2,500",N99 Notebook / Laptop Cooling Pad
"Saddar, Karachi","Rs 24,000",Lenevo ||4GB Ram|192GB SSD|Touch 360||
"Kharadar, Karachi","Rs 1,950",kids playing laptop
"Garden West, Karachi","Rs 95,000","HP Probook 440 G7 14"" Core i5 10th Gen"
"Buffer Zone 1, Karachi",Rs 399,ALL Charger laptop 19v r 12v 1 sa 18 amp
"Abu Zar Ghaffari, Karachi","Rs 2,500",internet dual wifi device
"Clifton, Karachi","Rs 39,900","GTX 670m Sager (Clevo) 15.6"" FHD (1920x1080) i7 SSD 8GB Laptop"
"DHA Phase 5, Karachi","Rs 145,000","Macbook Pro 2016 Space Grey 15.4"" 16gb Ram, 500gb SSD, 1.5GB & 2gb GPU"
"Saddar, Karachi","Rs 89,000",Dell Latitude 7390 i7 8th 16gb ddr4 512gb ssd x360 touch
"Karachi Administration Employees Society, Karachi","Rs 115,000","Dell Precision 7510 FHD 15.6"" Workstation Laptop Core i7 6920HQ"
"Saddar, Karachi","Rs 128,999",lenovo gaming laptop freshly imported
"Saddar, Karachi","Rs 79,999",Apple macbook Pro 2013 late
"Baldia Town, Karachi","Rs 24,999",Gaming laptop are available at best price for sale in karachi
"Abul Hassan Isphani Road, Karachi","Rs 18,000",fresh import laptops 10/10 condition one month checking warranty
"PAF Housing Scheme, Karachi","Rs 88,000",Dell Precision  3520 Core i7 HQ 7th Generation 2gb ddr5 Graphic
"Askari iv, Karachi","Rs 68,000",Lenovo ThinkPad 590 Laptop - Used
"Saddar Town, Karachi","Rs 39,999",HP Laptop Core i5 5th generation
"Federal B Area - Block 2, Karachi","Rs 28,000",lenovo t440s i5 4th gen touch fhd back-lit keyboard
"Gohar Green City, Karachi","Rs 58,000",hp 640 g4 i5 8th generation 8gb 256 m2
"Nazimabad, Karachi","Rs 58,000",hp 640 g4 i5 8th generation 8gb 256 m2
"Shahra-e-Faisal, Karachi","Rs 58,000",hp PROBOOK 640 g4 i5 8th generation 8gb 256 m2
"Buffer Zone 2, Karachi","Rs 140,000",HP Pavilion 15 Gaming Laptop GTX1650
"Nazimabad 2, Karachi","Rs 24,000",Lenevo 4GB Ram 192GB SSD Touch+360
"Shershah, Karachi",Rs 400,laptop lathiam battery per kg 400
"Korangi Road, Karachi","Rs 44,000",core i5 6th gen
"Abul Hassan Isphani Road, Karachi","Rs 50,000",dell latitude e5450 gaming laptop
"Gulshan-e-Iqbal, Karachi","Rs 57,000",dell i7 7th generation
"Gulistan-e-Jauhar Block 13, Karachi","Rs 30,000",hp 840 g1 i5 4th vpro gen laptop
"Sakhi Hasan, Karachi","Rs 150,000",Lenovo IdeaPad 3 gaming notebook
"PECHS, Karachi","Rs 33,000",HP Pavilion DV7 Core i5
"DHA Phase 6, Karachi","Rs 62,000","Dell xps 13 - 9350 i7 6th gen, 8gb ram, 256gb ssd DHA PHASE 6"
"Baloch Colony, Karachi","Rs 128,000",Dell Precision 3530 Corei7 HQ 8th Generation 4gb ddr5 Graphic card
"Safoora Goth, Karachi","Rs 32,999",HP 250 G5 Core i3 5th Gen Slim Laptop 15.6Numpad/Qty At HAROON TRADERS
"DHA Defence, Karachi","Rs 40,000",LENOVO G50-80-80E5 Core i5 7th generation
"Saddar, Karachi","Rs 18,000",Dell latitude E6410 core i5 4GB ram 250GB HDD Fresh stock @ pc world
"Gulshan-e-Iqbal Town, Karachi","Rs 49,000",HP PROBOOK 650G2 LAPTOP I5 6TH USA IMPORT STOCK AT FATTANI COMPUTERS
"Gulshan-E-Hadeed, Karachi",Rs 900,Battery - lithium Cells - Cells - Laptop Battery
"Orangi Town, Karachi","Rs 22,500",hp elitebook 8460p
"P.I.B. Colony, Karachi","Rs 2,200",Amazon speakers 2.0 for computer or laptop
"DHA Phase 1, Karachi","Rs 60,000",Dell inspiron i3 10th generation
"Shahra-e-Faisal, Karachi","Rs 34,000",Hp elite book 850 g1 i5-4200U processor  4gb 320gb hdd
"Airport Road, Karachi","Rs 15,000",HP core i3
"Baldia Town, Karachi","Rs 44,999",MacBook Air 2017
"Agra Taj Colony, Karachi","Rs 16,000",Dell E5420 ( 03223528038 )
"Techno City, Karachi","Rs 38,500",Hp Folio 9480m
"Korangi, Karachi","Rs 13,499",Sony Vaio i3
"Jamshed Road, Karachi",Rs 800,Type C to C 100w Baseus stock loat cable 100% original
"Moosa Colony, Karachi","Rs 20,000",Dell letitude E6320 i5 2nd
"Royal Residency, Karachi","Rs 4,500",Dell Precision M6500 Motherboard
"Gulistan-e-Jauhar Block 1, Karachi","Rs 1,500","thunderbolt 3 Gen 1, Gen 2 & Gen 3 , 3feet & 1.5feet available"
"Allama Iqbal Town, Karachi","Rs 60,000","HP ENVY x360 m6 Convertible  15.6"" FHD IPS Touchscreen B&O — Core i5"
"Clifton - Block 7, Karachi","Rs 245,000",ACER NITRO 5 17.3 INCH Core i7 11th Gen 16GB 1TB SSD RTX 3050Ti W11
"Shahra-e-Faisal, Karachi","Rs 74,000",GAMING LAPTOP HP ZBook 15 G3  Workstation I7 6TH GEN FATTANI COMPUTERS
"Gulshan-e-Iqbal Town, Karachi","Rs 41,999",Lenovo Core i5 6th generation
"Clifton - Block 7, Karachi","Rs 275,000",LENOVO LEGION 5 15.6 INCH FHD RYZEN 7 5800H 16GB 1TB RX6600M W11 HOME
"Korangi Road, Karachi","Rs 19,999",Hp Dell laptops Best laptops available in best price visit for more
"Saddar, Karachi","Rs 48,999",Hp Elite book 840 G2
"Lyari Expressway, Karachi","Rs 2,000",Dell xt3 Back Cover
"Buffer Zone 1, Karachi","Rs 33,000",HP laptop  elitebook genretion 4 core I5
"Metroville, Karachi","Rs 30,000",leptop
"Saima Arabian Villas, Karachi","Rs 33,000",Novatech original branded gaming machine
"Lyari Expressway, Karachi","Rs 2,500",Intel Core i3 3rd Generation Laptop Processor
"Gulshan-e-Iqbal, Karachi","Rs 3,000",dell laptop
"Orangi Town, Karachi","Rs 7,000",Haier y11b Parts
"Shah Faisal Town, Karachi","Rs 52,999",8GB Ram Hp ProBook Core i5 6th Generation Display 15.6 Numpad
"Shah Faisal Colony, Karachi","Rs 25,999","Core i7 3rd Generation System 76 14"" Quad Core With Warranty"
"Saddar, Karachi","Rs 8,000",Dell 4k display link docking station d3100  for all devices
"Shahra-e-Faisal, Karachi","Rs 40,500",Ultra Slim 6th Generation Hp Core i3 3HRS+ Backup 500GB Hard
"Airport, Karachi","Rs 36,500",5th Generation Dell Core i5 Slim Laptop 3HRS + Backup 500GB Hard
"North Karachi - Sector 11B, Karachi","Rs 32,000","HP Elitebook 8470p, i7 3rd Generation, 4/320GB HDD, Good Condition"
"Gulshan-e-Maymar, Karachi","Rs 26,500","Lenovo Core i5, 3rd Generation"
"Clifton - Block 7, Karachi","Rs 620,000","LENOVO LEGION 7i 16"" Core i911th Gen 32GB 2TB RTX 3080 W11P (16ITHg6)"
"Garden West, Karachi","Rs 35,000",MacBook pro 2012 10/10  fresh
"Scheme 33, Karachi","Rs 19,999",Gaming Laptop available in best price Dell hp lenovo asus i7 i5 Ryzen
"DHA Phase 2, Karachi","Rs 340,000",Macbook Air M2 with 512GB -
"Gulshan-e-Iqbal Town, Karachi","Rs 20,000","Rugged Laptop panasonic toughbook CF-C2, Core i5 3rd 4th Gen"
"Saddar, Karachi","Rs 19,999",Dell hp asus lenovo laptop are available in best prices i5 i7 i3
"Federal B Area, Karachi","Rs 88,000",Hp du3xxx 11th Gen Core i5
"Gulshan-E-Ghazi, Karachi","Rs 12,000",Laptop
"Gulistan-e-Jauhar Block 20, Karachi","Rs 62,000",Hp i5 7th 2GB AMD DEDICATED GRAPHICS CARD
"Abul Hassan Isphani Road, Karachi","Rs 60,000",macbook air 2015
"Orangi Town - Sector 4, Karachi","Rs 24,999",all okay i5 2nd generation backlight keyboard fresh
"PECHS, Karachi","Rs 59,999",Surface Pro 7th gen 5 | Microsoft tablet laptop spectre hp swift 4 7 8
"North Karachi - Sector 5-C, Karachi","Rs 16,000",dell i3 2nd generation
"Techno City, Karachi","Rs 80,000",Surface Laptop 2
"Lucknow Society, Karachi","Rs 12,000",Office Desk Laptop Table Computer Table Study Table
"Saeedabad, Karachi","Rs 15,000",Dell laptop laptop for sell best laptop good laptop computer
"Others, Karachi","Rs 27,500",Dell laptop Intel core i7 My WhatsApp number (0325-4792495)
"Falcon Complex Faisal, Karachi",Rs 850,laptop desk table Storage Stool Box Kids Toys Bluetooth Mic Teddy Bear
"Saddar, Karachi","Rs 38,000",Dell laptop = core i7 10th Gen laptops = ( hp i5 i3 apple )
"Korangi Industrial Area, Karachi","Rs 28,000",Laptop
"Saddar, Karachi","Rs 22,000",Dell latitude E6420 i5 2nd Gen & Dell E6430 i5 3rd Gen fresh stock
"Safoora Goth, Karachi","Rs 32,999",HP 250 G5 Core i3 5th Gen Slim Laptop 15.6Numpad/Qty At HAROON TRADERS
"North Nazimabad, Karachi","Rs 19,999",Laptops are available i5 i3 i7 in best price available for sale in khi
"North Nazimabad, Karachi","Rs 70,000",HP Intel i7 - 7th Generation
"Bahadurabad, Karachi","Rs 58,999",Dell Latitude 7480 Core i5 7th Gen with free bag + BT earphones
"Gulshan-e-Maymar, Karachi","Rs 48,000",DELL LATITUDE E7480 TOUCH LAPTOP I5 7TH FHD  AT FATTANI COMPUTERS
"Azizabad, Karachi","Rs 45,000",Lenovo IdeaPad 310 (core i5 6th generation)
"North Karachi, Karachi","Rs 1,800",512gb laptop hdd good condition
"Clifton, Karachi","Rs 40,000",HP Elitebook folio 1020 SE Ultrabook with Free Gift
"Korangi Road, Karachi","Rs 30,000",Core i3 4th gen ssd drive
"PECHS, Karachi","Rs 36,000",Core i5 6th generation
"Shahra-e-Faisal, Karachi","Rs 34,999",Touch Screen Sony Core i7 3rd Gen Slim BackLight 15.6 Display
"ASF Tower, Karachi","Rs 49,999",12GB Ram WorkStation Dell Core i7 4th Gen 2GB Dedicated Graphics Card
"Drigh Colony, Karachi","Rs 43,999",5th Generation Ultra Slim Dell Core i5 Display 15.6 Numpad
"PECHS, Karachi","Rs 36,000",Core i3 5th gen 500Gb ssd
"Model Colony, Karachi","Rs 25,500",Slim Laptop 3rd Generation Dell Core i5 320GB Hard With Warranty
"Bahadurabad, Karachi","Rs 165,000",Surface laptop 3 corei7 10thgen 16gbram 256ssd touch 2k screen.
"Korangi Road, Karachi","Rs 30,000",Lenovo Laptop Core i5 pro Enhanced experience 3
"Abdullah Haroon Road, Karachi","Rs 17,500",Dell Chromebook 3189 (Cash On Delivery All Over Karachi)
"Rashid Minhas Road, Karachi","Rs 50,000",dell Inspiron 15 (3000)
"Shahra-e-Faisal, Karachi","Rs 53,000",hp probook 640 g4 i5 8th generation 8gb 256 m. 2
"Malir Cantonment, Karachi","Rs 70,000",HP laptop folio 1040 6th gen touch screen i5 4k display
"Saadi Town, Karachi","Rs 13,000",hp mini 210
"Abul Hassan Isphani Road, Karachi","Rs 40,000",Urgent Selling laptop
"North Nazimabad, Karachi","Rs 1,250",Kids Pad Toys Bears Bluetooth Mic laptop table desk Storage Stool Box
"Gulshan-e-Iqbal, Karachi","Rs 130,000","MacBook Pro (Retina, 15-inch, Mid 2015) i7 16GB 1TB 2GB AMD"
"Jauhar Chowrangi Road, Karachi","Rs 38,000",Branded import HP ; Laptop core i7 10th gen ( Dell i5 i3 apple )
"Airport, Karachi","Rs 25,500",Hp ProBook Core i5 2nd Generation Display 15.6 NumPad
"Shah Faisal Town, Karachi","Rs 32,999",Hp Envy Core i7 3rd Generation Display 15.6 NumPad Glossy Machine
"Saima Arabian Villas, Karachi","Rs 40,000",Lenovo X1 carbon
"Others, Karachi","Rs 2,000",laptop table
"Landhi Colony, Karachi","Rs 15,000",Dell laptop urgent sell
"Al Falah Society, Karachi",Rs 650,Storage Stool Organizer chair Box laptop desk table Bluetooth Mic Bear
"Rufi Rose Petals, Karachi","Rs 45,000",Lenovo T460s Slim i7-6600u 6th Generation
"Airport, Karachi","Rs 245,000",Dell Alienware m15 r2 i7 rtx 2080 240 hertz per key rgb gaming laptop
"Chapal Courtyard, Karachi","Rs 40,000",Dell Lattitude 5470  6th Generation
"Clifton - Block 7, Karachi","Rs 75,000",Core i5-10th gen/8GB RAM/256GB SSD (Delivery available)
"Gulshan-e-Iqbal, Karachi","Rs 50,000",HP 840 G4 Intel Core i5-7th Generation
"Clifton, Karachi","Rs 27,500",Asus Chrome Book Display Unit
"Saddar Cooperative Market, Karachi","Rs 28,000",Samsung
"Korangi Road, Karachi","Rs 35,000",Hp Laptop
"Shah Faisal Town, Karachi","Rs 54,999",7th Gen 8GB DDR4 256GB SSD Lenovo Core i5 Display 15.6 Numpad
"Shah Faisal Town, Karachi","Rs 59,999",8th Generation 8GB DDR4 256SSD M2 Dell Core i5 Slim Laptop 3HRS Backup
"Rashid Minhas Road, Karachi","Rs 49,999",12GB Ram Dell WorkStation Core i7 4th Gen 2GB Dedicated Graphics Card
"Natha Khan Goth, Karachi","Rs 28,000",Lenovo Core i5 5 Generation 4GB Ram 500 Hardisk
"Bhittai Colony, Karachi","Rs 42,500",Dell Latitude 6430u Corei7 3rd Gen Ultrabook
"Al Falah Society, Karachi","Rs 25,000",lenovo yoga 310
"North Nazimabad - Block L, Karachi","Rs 68,000",HP ProBook 450 G3 i7 6th Gen
"Khokarapar, Karachi","Rs 55,000",HP Zbook 15 G2
"Saddar Town, Karachi","Rs 78,000",Lenovo i5 10th Generation 12GB/256GB SSD
"Clifton, Karachi","Rs 3,000",macbook air 45watt mega safe 2 charger 50 percent discount
"Comissioner Coop Housing Society, Karachi","Rs 4,500",orignal Apple macbook charger freelancer discount!
"Federal B Area - Block 8, Karachi","Rs 280,000","Apple MacBook Pro 13.3"" (2020) MWP8LL Silver"
"Shah Faisal Town, Karachi","Rs 28,999",500GB Hard 17 Inch Hp Povilion Core i5 2nd Generation Glossy Machine
"Model Colony, Karachi","Rs 43,999",7th Generation Dell Core i3 3HRS+ Backup 4GB DDR4 128GB M2 SSD
"Shah Faisal Town, Karachi","Rs 49,999",6GB Ram 1TB Hard Hp Povilion Core i5 5th Generation 17 inch Display
"Bath Island, Karachi","Rs 27,000",Hp Hewlet packard laptop
"Shah Faisal Colony, Karachi","Rs 7,000",Samsung chrome
"Soldier Bazar, Karachi","Rs 35,000",Dell Latitude e7450 ultra slim
"North Karachi - Sector 7-D, Karachi","Rs 18,000",HP Elitebook 8440p
"Mahmudabad, Karachi","Rs 9,999","Acer laptop 2/80gb best for office work, entertainment and low Gaming."
"North Nazimabad, Karachi","Rs 75,000",HP Core i3 11th Generation 4GB RAM 256GB SSD Windows 10
"Gulistan-e-Jauhar - Block 3-A, Karachi","Rs 140,000","Dell Precision 5530, i7-8850H, 4GB NVIDIA GPU, 16GB DDR4, 4K Touch"
"Shah Faisal Town, Karachi","Rs 69,999",4k Display 360° Laptop + Tablet Dell Core i5 6th Gen 8GB 256GB SSad
"Shah Faisal Town, Karachi","Rs 45,999","2GB DDR5 Graphics Card 8GB Ram, 500GB Hard Dell Core i7 4th Gen QM"
"P.I.B. Colony, Karachi","Rs 61,000","Dell Precision M4700 Workstation
Core i7-3rd Gen (Gaming & Graphics)"
"Gulistan-e-Jauhar Block 2, Karachi","Rs 45,000","Core i5 Hp Probook 15.6"" display SSD"
"Saddar, Karachi","Rs 37,000",Dell laptop core i7 10th Gen slim laptop ( hp i5 i3 apple )
"Techno City, Karachi","Rs 65,000",MacBook Air Early 2015 i7
"Faisal Cantonment, Karachi","Rs 30,500",Core i5 Lenovo Thinkpad X250
"Saddar Town, Karachi","Rs 23,999",cor i 5 5th genration 16gb ram 256gb ssd
"Shah Faisal Town, Karachi","Rs 51,999",7th Generation 8GB Ram DDR4 256GB SSD M2 Dell Core i5 3HRS Backup
"Shah Faisal Town, Karachi","Rs 29,999",500GB Hard Dell Core i5 4th Generation Display 15.6 inch NumPad
"DHA Phase 1, Karachi","Rs 2,750",IKEA LAPTOP SUPPORT. IMPORTED MADE IN POLAND
"Shahra-e-Qaideen, Karachi","Rs 62,500","HP ProBook 440 G5 i5 8th Gen Laptop | 256GB SSD | 8GB RAM |14"" Display"
"Federal B Area, Karachi","Rs 14,500",HP CHROME BOOK 14 G5 PLAY STORE SUPPORTED AT FATTANI COMPUTERS
"Shah Faisal Town, Karachi","Rs 37,500",Hp ProBook Core i5 4th Generation Display 15.6 NumPad 500GB Hard
"Shahra-e-Faisal, Karachi","Rs 43,999",5th Generation Dell Core i5 Display 15.6 inch NumPad Ultra Slim
"Kharadar, Karachi","Rs 167,000",HP PROBOOK 450 G8 Core i5 11th Gen.
"Old Clifton, Karachi","Rs 49,999","HP Elite Book 840 G3 Core i5 6th Gen HP, Dell, Lenovo"
"Airport Road, Karachi","Rs 29,999",1GB Dedicated Card Hp Core i5 3rd Generation Display 15.6 Numpad
"Gulistan-e-Jauhar Block 13, Karachi","Rs 38,000",Dell Laptop (Latitude E5470)
"North Nazimabad - Block M, Karachi","Rs 61,000",Toshiba Portege x30D| Core i7 7th Generation | 16GB RAM | 256GB SSD
"Gulshan-e-Iqbal, Karachi","Rs 35,000",MacBook Pro 2012 13 inc  mid  in great condition not locally used
"Tariq Road, Karachi","Rs 110,000",Apple Macbook Pro 15.6 inches Mid 2015
"Tariq Road, Karachi","Rs 92,000",Apple Macbook Pro 15.6 inches 2015 fresh mint
"Ahsanabad, Karachi","Rs 42,000","Lenovo Core i5 7th Gen, 4GB, 256GB SSD, 14″ FHD LED"
"Korangi, Karachi","Rs 10,000",used he
"Techno City, Karachi","Rs 46,500",840G3 i5 6th generation
"Saddar, Karachi","Rs 45,000",Macbook Air(Early 2014)
"Saddar, Karachi","Rs 1,000",Laptop Battery Buyer ہم لیپٹاپ کی خراب بیٹری لیتے ہیں
"Abdullah Haroon Road, Karachi","Rs 39,999","8GB Ram Slim Laptop Hp EliteBook Core i5 4th Gen Display 15"" 750GB HDD"
"Gulshan-e-Iqbal, Karachi","Rs 29,500",Laptop Dell Core I7
"Kharadar, Karachi","Rs 180,000",DELL Brand New LAPTOP G15 5511
"Shah Faisal Town, Karachi","Rs 19,999",Hp EliteBook Core i7 Laptop Display 12.6 inch With Warranty
"Saddar, Karachi","Rs 50,000",MacBook Pro Late 2012 Retina
"Techno City, Karachi","Rs 30,000",CORE I5 3RD GENERATION
"Saddar, Karachi","Rs 130,000",Dell Precision 7530 corei7 8850H with 4gb nvidea quadro p2000 graphics
"Techno City, Karachi","Rs 27,500",DELL LATITUDE 3340
"Jauhar Chowrangi Road, Karachi","Rs 15,000",Dell Latitude E5510 corei5 2nd Gen exchange with smart phone
"Shah Faisal Town, Karachi","Rs 21,999",Core i7 2nd Generation Toshiba 4GB Ram 2HRS+ Backup Light Weight
"Shahra-e-Faisal, Karachi","Rs 20,500",Asus Core i3 2nd Generation Glossy Machine One Month Warranty
"Shah Faisal Town, Karachi","Rs 23,999",Core i7 2nd Generation Lenovo Thinkpad Laptop + Tablet
"North Karachi, Karachi","Rs 34,000",laptop
"Hyderi, Karachi","Rs 11,000",Toshiba loptop black
"Clifton Cantonment, Karachi","Rs 14,000",HP Pavilion dv7
"Defence Garden, Karachi","Rs 43,000",HP PROBOOK 640G2 I5 6TH GENERATION LAPTOP AT FATTANI COMPUTERS
"Clifton, Karachi","Rs 22,000",DELL LATITUDE 6420 I5 2ND GENERATION LAPTOP  AT FATTANI COMPUTERS
"Airport, Karachi",Rs 110,All laptops in discounted price for more info check description
"Defence View Society, Karachi","Rs 32,000",HP ELITEBOOK 820G2 I5 5 5TH GEN ULTRA SLIM LAPTOP AT FATTANI COMPUTERS
"Clifton - Block 8, Karachi","Rs 70,000",HP Pavilion Cc-610ms for sale (Touchscreen)
"Gulistan-e-Jauhar Block 9, Karachi","Rs 49,000",HP ELITE BOOK 840 g3 i5 6th GENERATION LAPTOP  AT FATTANI COMPUTERS
"Malir Halt, Karachi","Rs 23,500",HP Core i5 1st Generation Laptop 4GB/250GB
"Industrial Area, Karachi",Rs 786,"CHROMEBOOK HP, DELL, LENOVO, ASUS, SAMSUNG OTHER DETAILS SCROLL DOWN"
"Sakhi Hasan, Karachi","Rs 13,000",Lenovo Thinkpad SL510 6GB RAM in mint condition
"Rashid Minhas Road, Karachi","Rs 25,999",Core i7 3rd Generation Light Weight Lenovo ThinKpad Display 12.6 inch
"Steel Town, Karachi","Rs 21,999",HP Laptop
"Gulzar-E-Hijri, Karachi","Rs 8,999",dell core 2 do letitude
"Shahra-e-Faisal, Karachi","Rs 25,500",Hp ProBook Core i5 2nd Generation Display 15.6 Numpad 320GB Hard
"Malir Halt, Karachi","Rs 29,999",Dell E 7240 4Th Gen Core i5
"Rifah Aam, Karachi","Rs 1,190",Bluetooth Mic laptop table desk Storage Organizer Stool Box Chair Bear
"Saddar, Karachi","Rs 2,500",Lenovo Laptop Battery 70+ T430 / T530 /W530 /6 Cell
"New Karachi, Karachi","Rs 15,000",Dell Core i5 Laptop
"Gulshan-e-Maymar, Karachi","Rs 25,000",Think pad with gaming pad for sale
"Shahra-e-Faisal, Karachi","Rs 45,999",8GB Ram 2GB Dedicated Graphics Card Dell Core i7 4th Gen Full HD 1080p
"Saddar, Karachi","Rs 2,500",Panasonic Toughbook Series Branded Batteries Available.
"Shah Faisal Town, Karachi","Rs 48,500",2GB Nvidia Card Dell Workstation Core i7 4th Generation 8GB Ram
"Shah Faisal Town, Karachi","Rs 35,500",Glossy Machine Dell Inspiron Core i3 4th Gen display 15.6 Numpad
"Federal B Area, Karachi","Rs 150,000",Dell Vostro 3510 11th Gen
"Karachi University Housing Society, Karachi","Rs 120,000",Dell Inspiron 3511 i5 11th gen
"M.A. Jinnah Road, Karachi","Rs 59,999",HP ZBook G2
"I.I. Chundrigar Road, Karachi","Rs 79,000",DELL Latitude 7390 2-in-1 Touch Screen
"Clifton - Block 7, Karachi","Rs 6,999",Dell Chromebook 11 | 3120 P22T | 2GB Ram | 16GB Storage | Chromebook
"Gulshan-e-Iqbal, Karachi","Rs 40,000",Lightweight Powerful Laptop HP Probook 430
"Baldia Town, Karachi","Rs 60,000",DELL LATITUDE E5470
"Quaidabad, Karachi","Rs 16,000",Lenovo i5 1st Generation (4/250 gb)
"North Karachi - Sector 11A, Karachi","Rs 32,000",CORE I7 1ST GENERATION
"DHA Phase 4, Karachi","Rs 3,500",T8 Aluminum Laptop Table Stand with fan
"Liaquatabad, Karachi",Rs 110,LAPTOPS DELL AND All GENERATION OTHER DETAILS PLZ SCROLL DOWN
"Techno City, Karachi","Rs 26,000",Dell latitude 5420
"Al-Manzar Society, Karachi","Rs 42,999","Dell Laptop 5480/E7270, Toshiba Z30c, i5, 6th Gen, 8GB / 256gb M2"
"Clifton - Block 7, Karachi","Rs 185,000",Samsung Galaxy Book Pro 15
"P.I.B. Colony, Karachi","Rs 90,000",LAPtop
"Gulshan-e-Iqbal, Karachi","Rs 11,500",LapTop
"Shah Faisal Town, Karachi","Rs 20,999",Hp ProBook Core i5 Display 15.6 Numpad 4GB Ram With Warranty
"Farhan Dream Land, Karachi","Rs 73,000",Lenovo Thinkpad E480
"Gulshan-e-Iqbal, Karachi","Rs 46,999",8GB Ram DDR4 256GB SSD Dell Core i5 6th Generation 3HRS+ Backup
"Malir, Karachi","Rs 36,500",3.0GHZ Dell Core i7 4th Generation BackLight Keys 3 HRS + Backup
"Korangi, Karachi","Rs 36,500",5th Generation Dell Core i5 3 HRS + Backup 500GB Hard With Warranty
"Shah Faisal Town, Karachi","Rs 39,999",Ultra Slim 5th Generation Dell Core i5 BackLight Keys 500GB HDD
"North Karachi - Sector 15A, Karachi","Rs 15,000",urgently sell the loptop
"I.I. Chundrigar Road, Karachi","Rs 75,000",MacBook retina 12” 2017
"Kharadar, Karachi","Rs 1,000",Laptop Diagnostic Card
"Gulistan-e-Jauhar Block 18, Karachi","Rs 25,000",Hp laptop probook6470b
"Federal B Area - Block 12, Karachi","Rs 7,500",Lenovo n21
"Saddar, Karachi",Rs 500,Laptop scrap batteries for Cell use only.
"DHA Phase 4, Karachi","Rs 420,000","MacBook Pro 2019 16"" with 64GB Ram 8GB Graphics"
"Clifton - Block 9, Karachi","Rs 1,000","Original Case Logic Laptop Bag 15"" to 16"""
"Korangi Industrial Area, Karachi","Rs 22,000",HP Laptop core i5 2nd genration Elitebook 8460p
"Clifton - Block 9, Karachi","Rs 9,900",Asus Mini 10.1 Inch Laptop 1GB RAM and 300GB HDD (Import from Germany)
"North Nazimabad, Karachi","Rs 65,000",Hp Envy M6 6th Gen Core i7 Premium x360 Touch Ultrabook in Best Price
"City Court, Karachi","Rs 44,000",HP Folio 1040 G1
"Nazimabad 3, Karachi","Rs 43,000",HP FOLIO Core i5 4th Generation
"Bahadurabad, Karachi","Rs 73,000","Dell Core i7 7th Gen 17.3"" Full HD Laptop ! Deal LAptop in Khi"
"Federal B Area - Block 12, Karachi","Rs 30,000",Core i5 3rd gen Toshiba
"Garden West, Karachi","Rs 28,000",Lenovo thinkpad L450
"Mominabad, Karachi","Rs 30,000",Hp laptop core i5 4th Generation
"Baldia Town, Karachi","Rs 26,500",HP EliteBook 8470P i7 3rd Gen
"Saddar Town, Karachi","Rs 48,500",Dell Latitude 5490 7thGen Laptop
"Gulistan-e-Jauhar Block 17, Karachi","Rs 25,499",Hp Probook 4530S Core i5 3rd Generation Big Screen Numpaid Awesome Lap
"Federal B Area - Block 13, Karachi","Rs 292,000",Macbook Air.
"DHA Phase 6, Karachi","Rs 50,000","MacBook Pro (13-inch, Mid 2012)"
"Saddar, Karachi","Rs 37,000","Dell laptops  (gaming SSD pc, Intel Core i7 ) 10th gen ( hp i5 i3 appl"
"Kharadar, Karachi","Rs 25,499",Hp Probook 4530S Core i5 3rd Generation Big Screen Numpaid Awesome Lap
"Saima Arabian Villas, Karachi","Rs 30,000",Sony Vaio Intel celeron 6th generation
"Federal B Area, Karachi","Rs 35,000",DELL XPS CORE i7
"Techno City, Karachi","Rs 497,000","Dell XPS 13 Plus 9320 Core i7 12th, 16Gb, 512Gb, 13.4” OLED Touch Disp"
"Gulistan-e-Jauhar Block 19, Karachi","Rs 2,000",DDR3 2GB x 2 Rams for laptop
"Gulshan-e-Iqbal, Karachi","Rs 74,000",Dell Latitude E5470 (New Condition)
"DHA Phase 8, Karachi","Rs 575,000",DELL ALIENWARE M15 R7 CORE I7 12TH GEN (32GB/1TB) 3080TI
"Federal B Area - Block 12, Karachi","Rs 36,000",HP laptop core i5 5th Generation (03135879361)
"Kharadar, Karachi","Rs 42,999",Dell Latitude 7470 Core i5 6th Generation Fast Awesome Slim Laptop
"Saddar, Karachi",Rs 800,Branded Laptop Bag
"Gulistan-e-Jauhar Block 13, Karachi","Rs 46,999",Dell Latitude 7470 Core i7 6th Generation Fast Awesome Slim Laptop
"Korangi, Karachi","Rs 90,000",Hp Pro book i7 8Gen
"Jamshed Road, Karachi","Rs 1,200",Hotron 1.8 meter (6feet) 4k display type C to C cable
"Malir, Karachi","Rs 35,000",Rugged i5 6th generation
"Nazimabad 4, Karachi","Rs 37,000",Dell Laptop
"Maripur, Karachi",Rs 123,parts DELL Labtop Inspiron N 5510 Available
"DHA Phase 6, Karachi","Rs 16,500",HP pavilion G6
"DHA Phase 6, Karachi","Rs 110,000",Lenovo Thinkpad L13 touch screen 11th gen laptop
"Kharadar, Karachi","Rs 51,999",Dell Latitude 7480 Core i5 7th Generation Fast  Slim Touch Screen Lapt
"Gulshan-e-Iqbal Town, Karachi","Rs 19,500",Dell Latitude 6430s i5 3rd laptop
"Clifton, Karachi","Rs 43,000",Lenovo Thinkpad T460 Corei5 6th Gen Laptop with Backlit Keyboard
"Mithadar, Karachi","Rs 18,999",Hp Pavilion dm4 Notebook Pc i5 2nd Generation Fast Awesome Laptop
"Shahra-e-Faisal, Karachi","Rs 4,999",Apple macbook pro/air original charger
"Malir, Karachi","Rs 40,000",Hp ProBook 640 G2 Core i5
"Royal 8 Icon, Karachi","Rs 23,999",Hp Elitebook 8470p Core i5 3rd Generation Fast Awesome Laptop
"Jauhar Chowrangi Road, Karachi","Rs 3,000",Ibex Laptop Stand
"Gulshan-e-Iqbal, Karachi","Rs 3,500",Ibex Laptop Stand
"Jauhar Chowrangi Road, Karachi","Rs 128,999",Gaming laptop brand new condition freshly imported
"New Karachi - Sector 5-D, Karachi","Rs 12,000",dell studio 1735 laptop ( made in malaysia )
"PECHS, Karachi","Rs 8,500",Dell Laptop
"Malir Halt, Karachi","Rs 36,000","Microsoft Surface-Pro 2, Core i5, GENERATION 4th, RAM 8GB, STORAGE 256"
"Gulshan-E-Hadeed, Karachi","Rs 10,000",HP laptop 2 hours battery backup
"Jodia Bazar, Karachi","Rs 18,999",Hp Pavilion dm4 Notebook Pc i5 2nd Generation Fast Awesome Laptop
"DHA Phase 2 Extension, Karachi","Rs 21,000",HP PROBOOK CORE I5 3RD GENERATION
"Malir Cantonment, Karachi","Rs 1,000",Type C 4-Ports USB 3.0 Hub
"Jamshed Road, Karachi","Rs 5,999",PD 45w 20000mah Power bank for laptops
"Azizabad, Karachi",Rs 999,HP EliteBook Folio 1020 G1 G2 part available
"Gulshan-e-Iqbal, Karachi","Rs 1,750",10gb 4k display cable type C to C 100% original
"Saddar, Karachi",Rs 750,type C to external hard drive cable 3.1
"Saddar Town, Karachi",Rs 999,Wireless Keyboard & Mouse Combo | Laptop |Wholesale & Retail
"Royal Residency, Karachi","Rs 3,500",Lenovo X201 Screen
"North Karachi - Sector 15A, Karachi","Rs 2,500",Branded Original Laptop Backpacks and Sleeves
"DHA Phase 2 Extension, Karachi","Rs 19,500",Acer aspire touch laptop + tablet imported
"P.I.B. Colony, Karachi","Rs 15,500",Microsoft Surface RT
"North Karachi - Sector 11E, Karachi","Rs 9,500",DELL vestro laptop 4 gb ram 120gb hard drive
"Clifton - Block 2, Karachi","Rs 21,000",Dell laptop 3rd gen
"DHA Phase 4, Karachi","Rs 390,000","iMac Retina 5K 27"" 2019 with 8GB Graphic Card"
"Gulistan-e-Jauhar - Block 3-A, Karachi","Rs 13,000","Toshiba Satellite L645-S4038 14.1""(250GB,2GB) LED screen Problem"
"Shahra-e-Faisal, Karachi","Rs 38,000",CORE I5 4TH GENERATION LAPTOP FO SALE (URGENT SALE)
"Model Colony - Malir, Karachi","Rs 20,000",HP AMD Turion X2 RM-72 Dual-core
"Saddar, Karachi","Rs 41,000",hp pavilion 17
"Soldier Bazar, Karachi","Rs 62,000",DELL CORE i5
"Gulberg Town, Karachi","Rs 32,500",HP e6440 i5 4gen 14.1
"Gulzar-E-Hijri, Karachi","Rs 160,000",I want to sale brand new hp victus imported
"Tahir Villa, Karachi","Rs 15,999","MIX i3,i5 series New stock laptop. . . importer pis"
"North Nazimabad - Block D, Karachi","Rs 62,000","Dell Latitude E5400 8th Gen. Core i5 8GB RAM 256GB SSD 13"" FHD IPS"
"North Nazimabad - Block D, Karachi","Rs 64,000","HP Elitebook 840 G5 Core i5 7th Gen. 8GB RAM 256GB SSD 14"" FHD"
"North Nazimabad - Block D, Karachi","Rs 49,000",Lenovo T470 7th Gen. Core i5 8GB RAM 256GB SSD FHD Touch Screen
"North Nazimabad - Block D, Karachi","Rs 70,000","HP Elitebook 840 G5 Core i5 8th Gen. 8GB RAM 256GB SSD 14"" FHD Screen"
"North Nazimabad - Block D, Karachi","Rs 95,000","HP Elitebook 850 G5 Core i7 8th Gen. 16GB RAM 512GB NVMV SSD 15.6"""
"Saddar, Karachi","Rs 45,000",Hp probook 640 g2
"Saddar, Karachi","Rs 46,500","Lenovo ThinkPad L470 -8GB RAM -256GB SSD -Core i5 6th GEN -14"" Display"
"Gulistan-e-Jauhar Block 18, Karachi","Rs 36,000",hp notebook 15 intel i5 6th generation (high graphics)
"Mehmoodabad, Karachi","Rs 28,000",Toshiba
"Landhi 1, Karachi","Rs 12,500",laptop Inspiron
"Pechs I, Karachi","Rs 1,800",4gb Ram ddr3 New Ram Laptop Available
"Techno City, Karachi","Rs 55,999",Lenovo Thinkpad t480S Touch
"Buffer Zone 2, Karachi","Rs 145,000",Acer Nitro 5 i7-9th GTX 1650 4GB
"Nazimabad, Karachi","Rs 47,000",laptop
"Azizabad, Karachi","Rs 25,000",hp probook
"Kharadar, Karachi","Rs 15,000",HP 8440P LAPTOP - DISPLAY ISSUE
"Gulshan-e-Iqbal Town, Karachi","Rs 69,000",HP ELITE BOOK 840 G5 I5 8TH GEN LAPTOP 8GB 256M2 AT FATTANI COMPUTERS
"Gulistan-e-Jauhar Block 17, Karachi","Rs 65,000",DELL LATITUDE E5580 LAPTOP I7 7TH GENERATION AT FATTANI COMPUTERS
"Gulzar-E-Hijri, Karachi","Rs 61,000",2GB GRAPHIC LAPTOP HP  650G3 I5 7TH GEN 8GB 256GB SSD   15.6 SCREEN
"PECHS, Karachi","Rs 35,000",DIRECT BUY LAPTOP FROM IMPORTER WITH GST INVOICE FATTANI COMPUTERS
"Buffer Zone 2, Karachi","Rs 45,000",Dell i7 4th Gen Laptop
"DHA Phase 5, Karachi","Rs 11,999",DEAD Vaio 3rd Generation white ( call or watsapp only)
"Model Colony - Malir, Karachi","Rs 44,000",Dell Core i5 6th generation
"Tariq Road, Karachi","Rs 16,500",New arrival stylish study and laptop table
"Korangi, Karachi","Rs 19,000",HP LAPTOP RS. 19000
"Rizvia Society, Karachi","Rs 32,000",lenovo g50
"DHA Phase 7 Extension, Karachi","Rs 16,500",Study and laptop tables
"Malir, Karachi","Rs 55,999",Hp Elitebook 840 G4
"Garden West, Karachi","Rs 75,000",Dell Latitude E5570 i7 6th Gen HQ Pro 8GBRAM 256GB SSD 2GB AMD GPU FHD
"Mehmoodabad, Karachi","Rs 30,000",Dell Latitude E6530 Laptop
"Airport Road, Karachi","Rs 80,000","Dell XPS 9365 2 in 1, i7 7th, 16gb, 512gbssd"
"KDA Employees Society - Korangi, Karachi","Rs 45,000",Dell  latitude E6440  core i5 4th generation
"Paposh Nagar, Karachi","Rs 35,000",apple mac book Pro 2013
"Delhi Mercentile Society, Karachi","Rs 48,000",Laptop HP Elite Book Revolve 810 core i7
"Korangi Road, Karachi","Rs 8,500",Acer laptop (aspire one atom ) 11 incc
"Gulistan-e-Jauhar Block 13, Karachi","Rs 27,500",Dell Latitude E5440 i5
"100 Quarters, Karachi","Rs 5,000",Laptop
"Federal B Area - Block 17, Karachi","Rs 25,000","LENOVO THINKPAD T420 ,  • INTEL CORE I5 2ND GENERATION,"
"Askari iv, Karachi","Rs 31,999",HP Pro x2 612 G1 - 4th Generation
"DHA Phase 2, Karachi","Rs 230,000",MacBook m1 500ssd
"Clifton - Block 2, Karachi","Rs 22,500",Appel Laptop A1342)K8
"Gulistan-e-Jauhar Block 19, Karachi","Rs 2,350",laptop table desk Storage Organizer Stool Box Chair Bluetooth Mic Bear
"DHA Phase 2, Karachi","Rs 2,000","1080P Webcam with Microphone, Wansview USB 2.0 Desktop Laptop Computer"
"Qayyumabad, Karachi","Rs 22,500",Apple laptop A1342)K7
"Federal B Area - Block 1, Karachi","Rs 24,500",Dell latitude e5530
"Al Falah Society, Karachi","Rs 270,000",Gaming Laptop MSI Katana Gf66  RTX 3070
"Stadium Road, Karachi","Rs 36,500",Hp 450 g3 i3 6th generation
"Askari iv, Karachi","Rs 2,750",Teddy Bear laptop table desk Bluetooth Mic Kids Toys Storage Stool Box
"Civil Lines, Karachi","Rs 21,500",HP 14 Touch Screen Chromebook 4GB/32GB
"Gulberg Town, Karachi","Rs 10,000","Compture table working table Laptop,Table  Office table"
"Saddar, Karachi",Rs 500,LAPTOP ACCESSORIES
"Airport, Karachi","Rs 28,500",hp core i5 3rd generation SSD installed
"M.A. Jinnah Road, Karachi","Rs 60,000",HP ZBook G2
"Gulshan-e-Iqbal, Karachi","Rs 38,000",laptop hp probook i3 6th gen
"Saddar, Karachi","Rs 164,999",Apple Macbook Pro 2016
"Clifton, Karachi","Rs 118,000",HP Laptop AMD Ryzen 5
"Saddar Cooperative Market, Karachi","Rs 1,000",laptop chargers
"Orangi Town, Karachi","Rs 15,000",Dell Core i5 Laptop
"Gulistan-e-Jauhar Block 13, Karachi","Rs 105,000",Apple Macbook Pro 15
"DHA Phase 4, Karachi","Rs 68,500",Apple Macbook Air 2017
"DHA Phase 6, Karachi","Rs 58,500",hp laptop in good condition
"Orangi Town, Karachi","Rs 8,000",paintium dell 3gb 80gb
"Gulshan-e-Iqbal, Karachi","Rs 150,000",Acer Nitro 5 (AN517-51) Gaming Laptop
"Korangi Industrial Area, Karachi","Rs 14,000",laptop new condition with orignal charger
"Kala Board, Karachi","Rs 22,000",laptop core i3 5th generation most urgent sale 03062546038
"Saddar, Karachi","Rs 24,000",Dell Laptop |4GB Ram|128GB SSD|5th Gen|13.3 Inch|Windows 10|
"Akhtar Colony, Karachi","Rs 1,500",All Laptop' original Chargers Hp/ Dell/ Lenovo Available with Delivery
"Akhtar Colony, Karachi","Rs 1,500",Hp original smart ac adapter 90W box pack u. k
"Gulistan-e-Jauhar Block 19, Karachi",Rs 700,Laptop Bag For Sale
"Gulzar-E-Hijri, Karachi","Rs 6,500",MicronDDR3 PC3L-12800S RAM for Laptop
"Nazimabad 2, Karachi","Rs 10,000",Laptop Acer  |128GB SSD|2GB Ram|Windows 10|
"Gulshan-e-Iqbal Town, Karachi","Rs 14,000",HP Chromebook 14 G3 4Gb Ram 16gb ROM Touch Display
"Gulshan-e-Iqbal, Karachi","Rs 150,000",DELL PRECISION 5530 I7 8th Gen 32gb 1tb M2 SSD 4Gb Graphic card
"Khokarapar, Karachi","Rs 45,000",Laptop Core i7 6th Generation Dell Latitude
"Baldia Town, Karachi","Rs 32,000","HP
Model: ProBook 450 G2
 4GB
Storage: 320GB"
"Shah Latif Town, Karachi","Rs 45,000",sale or exchange with good laptop 45000 cash price
"Gulistan-e-Jauhar Block 12, Karachi","Rs 10,000",McBook Core 2 Duo 1 GB Ram 40 GB Hard Disk
"Nazimabad, Karachi","Rs 3,799",1Tb 480Gb 256G SSD hard disk hard drive for laptop desktop computer
"Maskan Chowrangi, Karachi","Rs 22,999",Like Brand New 10/10
"HBCHS - Haroon Bahria Society, Karachi","Rs 30,000",Hp Leptop
"Airport, Karachi","Rs 48,500",WorkStation 8GB Ram Dell Core i7 4th Gen 2GB Nvidia Card DDR5
"Airport, Karachi","Rs 45,999",Full HD 1080p 2GB Dedicated Card QM Dell Core i7 4th Gen 8GB Ram
"Airport, Karachi","Rs 25,999",320GB Hard Lenovo Light Weight Core i7 3rd Generation With Warranty
"Qayyumabad, Karachi","Rs 9,000",hp laptop core i5 1st generation 4 gb ram 64 gb rom
"Gulshan-e-Iqbal, Karachi","Rs 32,500",MacBook pro 2012 10/10 fresh Stock core i5
"Civil Lines, Karachi","Rs 20,500",LAPTOPS LENOVO THINKPAD 4GBRAM 128GB SSD WITH 10 TOUCH ROTATED CAM
"Nazimabad, Karachi","Rs 2,499","PC Multimedia Speakers, Routers, Laptop Charger, Battery Charger"
"Gulistan-e-Jauhar Block 15, Karachi","Rs 20,500",LAPTOPS LENOVO THINKPAD CHROMEBOOKS 4GBRAM 128GB SSD TOUCH ROTATED
"Saddar, Karachi","Rs 40,000",HP PROBOOK 645 G3 Graphics Laptop
"Gulberg Town, Karachi","Rs 20,000",New Asus Laptop Plus Tab For Sell New Come From Dubai
"Gulistan-e-Jauhar Block 7, Karachi",Rs 650,Storage Organizer Stool Box Chair laptop table desk Bluetooth Mic Bear
"Korangi, Karachi","Rs 12,000",dell xps 12
"Gulshan-E-Hadeed, Karachi","Rs 15,000",Gateway Core i3 laptop
"Shahra-e-Qaideen, Karachi","Rs 14,000",Dell Latitude E5440 motherboard core i5 4th gen
"Gulshan-E-Hadeed, Karachi","Rs 60,000",Hp Elite book 6th generation
"Airport, Karachi","Rs 23,500",Laptop + Tablet Pen + Finger Touch Lenovo Core i7 2nd Generation
"Shahra-e-Faisal, Karachi","Rs 22,500",500GB Hard Glossy Machine Asus Core i3 2nd Genration One Month Waranty
"Shah Faisal Town, Karachi","Rs 21,999",Light Weight Toshiba Core i7 2nd Generation 3HRS Backup 4GB Ram
"Shah Faisal Town, Karachi","Rs 19,500",Hp EliteBook Core i7 Laptop 4GB Ram Display 12.6 inch
"Surjani Town, Karachi","Rs 38,000",core i5 4th gen 1 tb hdd laptop
"Gulshan-e-Iqbal, Karachi","Rs 200,000","Lenovo Yoga C940 15irh laptop (16GB RAM, 2TB SSD, i9, NVIDIA)"
"Nazimabad 4, Karachi","Rs 30,500",Dell Latitude E5530 - Core i5 3rd Gen
"Lines Area, Karachi","Rs 1,000",Laptop ram
"Gulshan-e-Millat, Karachi","Rs 22,000",Laptop good condition for sell
"Shahra-e-Faisal, Karachi","Rs 26,500",Hp Envy 4 Core i5 Ultrabook Laptop
"Bahadurabad, Karachi","Rs 21,999","toshiba satelite laptop 3rd gen, core i3"
"Gulistan-e-Jauhar Block 3, Karachi","Rs 56,999",i5 7th generation With 2GB Dedicated Card Nd 1TB
"Saddar, Karachi","Rs 70,000",Dell Inspiration i5-7th generation
"Shah Faisal Town, Karachi","Rs 39,999",8GB Ram Hp EliteBook Core i5 4th Gen Display 15.6 inch BackLight Keys
"Allahwala Town, Karachi","Rs 4,400",Kingston Laptop DDR3 Ram 8GB
"Manzoor Colony, Karachi","Rs 28,000",Dell Latitude E6430s
"Abdullah Haroon Road, Karachi","Rs 40,000",Macbook Pro 2011 / 256gb SSD / 500gb Hard Drive with Adobe softwares
"Airport, Karachi","Rs 29,999",Display 15.6 Numpad Hp EliteBook Core i5 3rd Generation 10by10
"Surjani Town, Karachi","Rs 12,000",HP laptop
"Gulshan-e-Iqbal, Karachi","Rs 24,000","DELL 5420 Core i3 2nd 4GB/128GB SSD 14"" 3 Months Warranty"
"Landhi 1, Karachi","Rs 1,199",Wireless Bluetooth Headphone Speaker Handsfree Mic Sd Laptop Extension
"Pakistan Chowk, Karachi","Rs 410,000",Macbook Pro M1 14 inch 16 gb with 512 GB SSD (Like New)
"Techno City, Karachi","Rs 65,000",Dell Latitude E5580
"Shahra-e-Faisal, Karachi","Rs 37,500",Hp ProBook Core i5 4th Gen Display 15.6 NumPad 500GB Hard
"Saddar, Karachi","Rs 38,000",Dell Core i7 10th Generation like brand new laptops
"North Karachi, Karachi","Rs 43,500",Ultra Slim Dell Core i5 5th Generation Display 15.6 NumPad 500GB Hard
"Madina Colony, Karachi","Rs 35,000",HP Core i5 4th Generation Pavilion
"Saddar, Karachi","Rs 51,000",HP elite book Ultra Slim Sleek Core i5 6th gen
"West Garden, Karachi","Rs 33,000","lenovo x250 (i5 5th gen, 8gb ram) {URGENT SALE}"
"Hussainabad, Karachi","Rs 24,000",HP laptop workstation
"Azeemabad, Karachi","Rs 51,999",8GB Ram DDR4 256GB M2 SSD Dell Core i5 7th Generation Slim Laptop
"Shah Faisal Town, Karachi","Rs 45,999","Gaming Machine 8GB Ram Full HD 1080 Dell Core i7 4th Gen Display 15.6"""
"Bahadurabad, Karachi","Rs 75,000",MacBook Pro Mid 15
"Shaheed Millat Road, Karachi","Rs 42,500",Dell Latitude E7270 Core i5 6th GeN
"Rashid Minhas Road, Karachi","Rs 25,000",HP ProBook 4530s
"Saddar, Karachi","Rs 48,500",HP EliteBook 840 G3 Notebook
"Gulistan-e-Jauhar Block 12, Karachi","Rs 45,000",Dell Latitude E7470 Corei5 6th Gen ( 8/256 )
"Denso Hall, Karachi","Rs 1,300",320 GB Laptop
"Bahadurabad, Karachi","Rs 63,000",Lenovo Yoga X1 Core i7-6th Gen Touchscreen x360 Convertible Laptop
"Shah Faisal Town, Karachi","Rs 69,999",Dell 360° Core i5 6th Generation Touch Screen 15.6 Display 8GB + 256GB
"Shah Faisal Town, Karachi","Rs 48,999",1TB Hard Hp Povilion Core i5 5th Generation 17 inch Display 6GB Ram
"Shadman 2, Karachi","Rs 25,000",Dell 6430
"Nazimabad 1, Karachi","Rs 22,000",dell Core i3 3rd gen 250hdd 4gb ram
"Gulshan-E-Hadeed, Karachi","Rs 1,000",Laptop Bag
"Malir Halt, Karachi","Rs 4,600",Hynix 8gb Ddr3 Pc3l-12800s Ram For Laptops
"Model Colony - Malir, Karachi","Rs 75,000",lenovo yoga15 i7 5th gen 2gb nividia
"Others, Karachi","Rs 115,000","Mack book pro 2019 core i7 Whatsapp n (0343""9377""123)"
"North Nazimabad - Block B, Karachi","Rs 32,000",Dell inspiron i5 3rd
"Airport, Karachi","Rs 43,999",7th Generation Dell Core i3 Slim Laptop 4GB DDR4 Ram 3HRS + Backup
"Gulistan-e-Malir, Karachi","Rs 49,999",12GB Ram 2GB Dedicated Card Dell WorkStation Core i7 4th Generation
"North Nazimabad, Karachi","Rs 2,800",Smart bag for school college laptop Anti Theft Backpack Water proof
"Malir Cantonment, Karachi","Rs 29,500",Core i7 Dell Laptop mint condition cheap rates
"Model Colony - Malir, Karachi","Rs 25,500",Lenovo Thinkpad T530 Core i5
"Ancholi, Karachi","Rs 89,000",Lenovo ThinkPad P50 laptop
"Shah Faisal Town, Karachi","Rs 59,999",8GB Ram 8th Generation Dell Core i5 256GB SSD 3HRS + Backup
"Gulistan-e-Jauhar Block 16, Karachi","Rs 11,000",Laptop
"Shah Faisal Town, Karachi","Rs 32,999",Hp Envy Core i7 3rd Generation Display 15.6 NumPad Glossy Machine
"Shahra-e-Faisal, Karachi","Rs 55,999",7th Generation Slim Laptop Lenovo Core i5 15.6 Display 8GB + 256GB
"Shahra-e-Faisal, Karachi","Rs 25,999",Hp ProBook Core i5 2nd Generation Display 15.6 Numpad 4GB Ram
"Korangi Creek Cantonment, Karachi","Rs 65,000",HP Laptop 8 generation
"Clifton Cantonment, Karachi","Rs 1,500",Laptop Chargers
"Gulshan-E-Hadeed, Karachi","Rs 65,000",Dell Precision M3800
"Techno City, Karachi","Rs 30,000",Discounted dell latitude 3189 touch screen x360
"DHA Phase 4, Karachi","Rs 200,000",MacBook Pro 2017 MPTT2 with 4GB Graphics
"Shahra-e-Faisal, Karachi","Rs 18,500",Dell 6520 i5-2nd Generation A+ Mint Condition in Wholesale Price
"Gulshan-e-Millat, Karachi","Rs 20,000",toshiba satellite core I3 4th generation
"Saddar, Karachi","Rs 45,999",2GB DDR5 Graphics Card 8GB Ram Dell Core i7 4th Gen HDD 500GB
"Shahra-e-Faisal, Karachi","Rs 19,500",Display 15.6 inch Dell Core i3 Laptop With Warranty
"Malir, Karachi","Rs 45,000",HP Probook 450 G3
"Shah Faisal Town, Karachi","Rs 35,500",Slim Laptop 4th Generation Hp Core i3 Display 15.6 Numpad 500GB
"Azeemabad, Karachi","Rs 23,500",10by10 Condition Dell Core i5 2nd Generation 4GB Ram With Warranty
"Gulzar-E-Hijri, Karachi","Rs 19,500",Toshibah Laptop L750D
"Gulistan-e-Jauhar Block 20, Karachi","Rs 27,999","Brand: ASUS
Model:S500E
Processor: i3 3rd Gen"
"Airport, Karachi","Rs 29,999","Lenovo ThinkPad 4th Generation Display 15.6"" 500GB Hard"
"Gulshan-e-Iqbal, Karachi","Rs 32,500",Apple MacBook pro 2012 ( i5 3rd generation)
"Quaidabad, Karachi","Rs 38,000",Dell latitude E6540 core i7 4th Gen
"Godhra, Karachi","Rs 40,000",HP Laptop Core i5 4th Generation 4GB Ram
"Korangi, Karachi","Rs 30,000",Core i3 5th Gen
"Gulshan-e-Iqbal, Karachi","Rs 47,500",Dell Latitude E5470 6thGen Laptop with free Dell original backpack
"Clifton, Karachi","Rs 140,000",Lenovo Yoga 7 (Slim) 15.6 Inch - Fully Loaded Graphics Machine
"Gulshan-e-Iqbal, Karachi","Rs 45,000",Asus SonicMaster X555L 15.6”
"Bahadurabad, Karachi","Rs 56,000",HP PROBOOK 650 G3 CORE i5 7th GENERATION
"Abul Hassan Isphani Road, Karachi","Rs 20,500",LAPTOPS LENOVO THINKPAD CHROMEBOOKS 4GBRAM 128GB SSD TOUCH ROTATED CAM
"Lyari Town, Karachi","Rs 170,000",MSI PULSE GL66
"Saddar, Karachi","Rs 10,000",Hp laptop 2gb ram 160 gb harddisk
"North Nazimabad - Block L, Karachi",Rs 850,Laptop Table Desk Storage Stool Organizer Box Bluetooth Mic Toys Bear
"Gulshan-e-Iqbal, Karachi","Rs 31,000",Lenovo Ideapad i5 6th generation 500 gb HardDrive 4Gb Ram
"Korangi Industrial Area, Karachi","Rs 25,000",lenovo z50-75
"Saddar, Karachi",Rs 600,Imported Laptop Bag
"Laraib Garden, Karachi","Rs 30,000",Dell precision m4600 workstation
"Gulshan-e-Iqbal Town, Karachi","Rs 2,200",laptop 4gb ram
"Ancholi, Karachi","Rs 9,500",lenovo Thinkpad x200 core 2 du
"Saddar, Karachi","Rs 99,999",gaming laptop asus
"DHA Phase 4, Karachi","Rs 45,000",Microsoft surface pro 4 i5 6th 8/256
"North Karachi, Karachi","Rs 60,000",Dell Precision M3800 / XPS 15 9530 ( Read Add Properly )
"Clifton - Block 8, Karachi","Rs 1,500",laptop table
"Model Colony - Malir, Karachi","Rs 43,500",M2 128GB SSD Hp Core i3 6th Generation Ultra Slim 3HRS Backup
"BMCHS, Karachi","Rs 45,000",Dell Latitude E6330
"Shahra-e-Faisal, Karachi","Rs 25,999",Core i7 3rd Generation Quad Core 8CPU System 76 With Warranty
"Kala Board, Karachi","Rs 35,999",Ultra Slim 5th Generation Dell Core i5 3HRS+ Backup 500GB HDD
"Shah Faisal Town, Karachi","Rs 52,500",8GB Ram Hp Core i5 6th Generation Display 15.6 NumPad 750GB Hard
"North Nazimabad, Karachi","Rs 6,000",hp mini 5103
"Clifton - Block 9, Karachi","Rs 1,085,000","Macbook Pro 16"", M1 Max, 2021, 32C GPU 64GB/2TB"
"DHA Phase 6, Karachi","Rs 58,000",Hp 250 G7 10th gen laptop
"Techno City, Karachi","Rs 880,000","Dell Alienware X15 R2 i9 12th, 32Gb, 2Tb, 3080ti, QHD 16GB (GRAPHIC CA"
"Central Jacob Lines, Karachi","Rs 6,000",Huion h420 graphics tablet
"Saddar, Karachi","Rs 12,000",Dell type c docking station d6000 type c universal docking station
"Landhi Colony, Karachi","Rs 31,500",Dell Laptop
"Airport, Karachi","Rs 45,000",Lenovo Thinkpad T450s Core i7
"Gulshan-E-Hadeed, Karachi","Rs 10,000",Hp laptop 2 hours battery backup
"Safoora Goth, Karachi","Rs 42,000",hp 6th gen core i3
"Saddar, Karachi","Rs 38,000",Dell Core i7 10th Generation Stylish Laptop with dedicated Graphics
"Shamsi Society, Karachi","Rs 3,000",500 gb toshiba orignal laptop hard drive
"Royal 8 Icon, Karachi","Rs 65,000",HP 15S-EQ2025NIA Laptop -Ryzen 3 5300U - 8GB - 256GB SSD - AMD GPU
"North Nazimabad, Karachi","Rs 12,000","DELL Core i5, first generation"
"North Nazimabad, Karachi","Rs 57,000",Dell XPS 15/Precision M3800 Top of the Line Gaming Graphics Ultrabook
"Techno City, Karachi","Rs 15,999",We Deal In All Kinds Of Laptop / Accessories HP Dell Lenovo Samsung
"Techno City, Karachi","Rs 45,000",HP ELITEBOOK 840 G2
"Abul Hassan Isphani Road, Karachi","Rs 5,000",laptop
"Lea Market, Karachi","Rs 40,000",LAPTOP DELL LATITUDE E6440 i5 4thg HDDR 500  SSD 128 Urgent sell.
"Gulshan-e-Iqbal Town, Karachi","Rs 160,000",Elitebook Folio 1030 x360
"Malir Cantonment, Karachi","Rs 230,000",Apple Macbook pro m1 2020
"M.A. Jinnah Road, Karachi","Rs 27,999",2012 MacBook Pro
"Mithadar, Karachi","Rs 49,999",Hp Elitebook 840 G3 Core i5 6th Generation Fast Awesome Slim Laptop Wi
"Malir Cantonment, Karachi","Rs 60,000",Lenovo ThinkPad T470s i7-7600U 8GB 256SSD
"Saddar, Karachi","Rs 30,999",Lenovo L540 Core i5 4th Generation Big Screen Numpad Fast Awesome Lapt
"Naya Nazimabad, Karachi","Rs 21,000",DELL Core i5 2nd Generation
"Gulistan-e-Jauhar Block 13, Karachi","Rs 51,999",Dell Latitude 7480 Core i5 7th Generation Fast  Slim Touch Screen Lapt
"Gulberg Town, Karachi",Rs 499,Wifi card only 499
"Gulistan-e-Jauhar Block 13, Karachi","Rs 51,999",Dell Latitude 7480 Core i5 7th Generation Fast  Slim Touch Screen Lapt
"Gulistan-e-Jauhar Block 18, Karachi","Rs 43,999",Dell Latitude 3380 Core i5 7th Generation Fast  Slim Screen Laptop
"Jamshed Quarters, Karachi","Rs 21,000",urgent cheapest sell Hp 8540p Elitebook workstation
"Machar Colony, Karachi","Rs 18,000",deel latitude laptop all okay 0331=4716731 WhatsApp
"Bahadurabad, Karachi","Rs 42,999",Dell Latitude 7470 Core i5 6th Generation Fast Awesome Slim Laptop
"Gulistan-e-Jauhar Block 17, Karachi","Rs 46,999",Dell Latitude 7470 Core i7 6th Generation Fast Awesome Slim Laptop
"Kharadar, Karachi","Rs 42,999",Dell Latitude 7470 Core i5 6th Generation Fast Awesome Slim Laptop
"Hyderi, Karachi","Rs 125,000",Apple MacBooK Pro 2017
"Airport, Karachi","Rs 49,500",Dell 5490 i5 7Gen
"Faisal Cantonment, Karachi","Rs 32,500",Apple MacBook pro Mid 2012 Fresh 10/10 condition
"Techno City, Karachi","Rs 1,500",Laptop Parts Available At 3M Computet Techno City Karachi
"Kharadar, Karachi","Rs 43,999",Dell Latitude 3380 Core i5 7th Generation Fast  Slim Screen Laptop
"Tariq Road, Karachi","Rs 68,500",Apple Mzcbook Air 2017
"Jamshed Road, Karachi","Rs 1,350","dell brand type C to C , thunderbol ,(10gb) 4k display cable"
"Gulshan-e-Iqbal, Karachi","Rs 36,500","DELL Latitude E6540 core i5(4th generation)08gb ram,500gb hard"
"Clifton, Karachi","Rs 42,000",HP Elitebook 840 G1 Corei5 4th Gen Laptop with M2 SSD & Backlit
"Saddar, Karachi","Rs 3,800",WiWU Alpha Slim Sleeve Laptop Case 14 & 15.4 Inch Waterproof Bag
"Techno City, Karachi",Rs 123,Core i5/i7 8TH Gen In Very Resonable Price/laptops for sell in karachi
"Intelligence Colony, Karachi","Rs 230,000",Mcbook air 13 inches
"Gulistan-e-Jauhar Block 13, Karachi","Rs 43,999",Dell Latitude 3380 Core i5 7th Generation Fast  Slim Screen Laptop
"North Nazimabad, Karachi",Rs 799,USB C 3.1 Gen 2 external hard drive cable
"PECHS, Karachi","Rs 1,500",4k display 10gb  5A type C to C thunderbolt3  generation 1st cable
"Korangi Road, Karachi","Rs 38,000",Hp ProBook
"Baldia Town, Karachi","Rs 60,000",DELL LATITUDE E5470
"Nazimabad, Karachi","Rs 38,000",Dell Letitude
"Royal Residency, Karachi","Rs 3,500",Dell Precision M6500 Processor
"Lyari Expressway, Karachi","Rs 7,000",Normal 15.6 40 Pin
"Jamshed Road, Karachi",Rs 500,ugreen type C male to USB female OTG 3.0
"Others, Karachi","Rs 115,000","Mack book pro 2019 core i7 Whatsapp n (0343""9377""123)"
"Royal Residency, Karachi","Rs 2,500",Acer Laptop Keyboard
"Mahmudabad, Karachi","Rs 48,000",Lenovo ThinkPad T460s ultrabook 10/9
"Saddar, Karachi","Rs 85,000",Lenovo t480s 14inch fullhd screen corei7 8thgen 16gbram 512nvmessd.
"Abul Hassan Isphani Road, Karachi","Rs 20,000",Hp laptop
"Hanifabad, Karachi","Rs 35,000",Apple Macbook pro 2012 3rd generation 8GB ram 256GBSSD ROM urgent sell
"North Nazimabad - Block A, Karachi","Rs 5,500",Acer ChromeBook C720
"Askari iv, Karachi","Rs 50,000",Dell Latitude E6540 (Core i7 4th Gen) with Dedicated Graphic Card
"North Nazimabad, Karachi","Rs 80,000","HP Elitebook 840 G4 i7 7th Gen 15.6"""
"Federal B Area, Karachi","Rs 35,000",lenovo T440 i5 4th generation
"Abid Town, Karachi","Rs 26,000",dell i7 3rd gen e6530
"Jafar-E-Tayyar, Karachi","Rs 65,000",T490   i5 8th generation lenevo
"Delhi Colony, Karachi","Rs 2,100",tp link router 2 anteena
"North Nazimabad, Karachi","Rs 28,000",haier laptop core m3 7th generation
"Techno City, Karachi","Rs 59,999",Lenovo Thinkpad x1 Yoga touch 360 With pan
"Khokarapar, Karachi","Rs 140,000","Dell Inspiron 7506, 11GEN, 12GB, 512SSD Touch Laptop in Cheap Price"
"Bandhani Colony, Karachi","Rs 6,800",computer Laptop and gaming table available
"North Nazimabad, Karachi","Rs 13,500",HP 6910p Core 2 Duo
"Gulshan-e-Iqbal, Karachi","Rs 9,999",Samsung 2TB hdd laptop hard disk
"Federal B Area, Karachi","Rs 24,000",*HP ELITEBOOK 2540p Core i7 1st Generation*
"Peoples Colony, Karachi","Rs 35,000",Haier Lab Tab Y11B
"Federal B Area - Block 8, Karachi","Rs 35,000",Haeir Lab Tab Y11B
"Firdos Colony, Karachi","Rs 28,500",Apple Macbook Pro 2012
"Allahwala Town, Karachi","Rs 13,000",digital marketer's
"Shahra-e-Faisal, Karachi","Rs 80,000","Hp Probook 450 G5, i7 8th, 16gb, 256gbssd"
"Gulshan-E-Hadeed, Karachi","Rs 20,000",LENOVO i5 2nd GENERATION
"Sakhi Hasan, Karachi","Rs 22,000",Core i5
"North Nazimabad - Block L, Karachi","Rs 20,500",Acer Core i3
"North Karachi, Karachi","Rs 12,000",hp elite book 4gb 250gb
"Clifton, Karachi","Rs 14,000",laptop for sale
"Gulberg Town, Karachi","Rs 21,999",Dell e6330 i5 3gen 13.3 led
"Abdullah Haroon Road, Karachi","Rs 16,000",All 1st generation and celeron mix for sale
"Saima Arabian Villas, Karachi","Rs 95,000",Hp pavilion 13-bb0xxx
"Pechs I, Karachi","Rs 2,500",Laptop Battery Hp Elitebook 8570w New Battery Hai Available
"Buffer Zone 2, Karachi","Rs 165,000",HP Omen X RTX 2060
"Saudabad, Karachi","Rs 15,000",HpElitbok i5 Core
"Jamshed Quarters, Karachi","Rs 80,000",Hp Notebook 15
"Gulshan-e-Iqbal, Karachi","Rs 70,000",HP LAPTOP
"Zaman Town, Karachi","Rs 6,000",Dell Original Laptop Bag pack for sale
"DHA Phase 6, Karachi","Rs 60,000",Dell XPS 15 Core i7 5th Gen 256gb ssd
"Techno City, Karachi","Rs 30,000",Dell XPS
"Manzoor Colony, Karachi","Rs 1,650",Wall Mounted & Space Saving Folding Table With Brackets for Laptop/PC
"Techno City, Karachi","Rs 75,000",Hp Ryzen 7 Laptop
"DHA Phase 4, Karachi","Rs 80,000",Macbook Pro Early 2015 Core i5 13 Inch A1502
"DHA Phase 5, Karachi","Rs 125,000",HP PROBOOK i5 10th gen
"North Karachi - Sector 11L, Karachi","Rs 16,999",Dell | Chromebook 3189 | 32GB Storage | 4GB RAM | Touch Screen |
"Clifton, Karachi","Rs 345,000",Dell XPS 13 9310 Touch Screen (Brand New)
"Federal B Area - Block 17, Karachi","Rs 28,000", Hp Probook 6470b (Business Series Laptop)  • Intel Core i5 (3rd Gen)
"Federal B Area - Block 2, Karachi","Rs 13,500",Dell inspiron 1750 (pentium)
"Saddar, Karachi","Rs 115,000",Dell Latitude 7310 - Ci7 10th Gen - 16GB RAM DDR4 - 256 GB SSD M2 .
"Gulshan-e-Iqbal, Karachi","Rs 36,500",Apple macbook 2012 8Gb Ram
"Bahadurabad, Karachi","Rs 103,000",Lenovo X1 yoga touch wqhd screen with pen corei7 8thgen 16gbram 512ssd
"North Nazimabad - Block A, Karachi","Rs 2,350",laptop table desk Storage Organizer Stool Box Chair Bluetooth Mic Bear
"Gulshan-e-Maymar, Karachi","Rs 64,999",HP NoteBook i5 7th Generation
"Saddar, Karachi","Rs 62,000",Lenovo X1 yoga touch wdhd screen with pen corei7 6thgen 16gbram 256ssd
"Malir, Karachi","Rs 18,000",Gateway Laptop
"North Karachi - Sector 11L, Karachi","Rs 22,500",Appel laptop)k7
"Gulshan-e-Iqbal, Karachi","Rs 11,000",Dell laptop available
"North Nazimabad - Block H, Karachi","Rs 65,000",hp elitebook 840 g4 touch screen
"Malir Cantonment, Karachi","Rs 8,500",hp elitebook 6930p core 2duo
"Britto Road, Karachi","Rs 36,000",Dell Latitude 3340 i5 4th 8gb ram 120gb ssd red color
"Korangi Industrial Area, Karachi","Rs 80,000",Asus ROG G751 gaming laptop
"New Karachi, Karachi","Rs 32,000",Dell Laptop urjent selling
"Korangi, Karachi","Rs 70,000",CORE i7.7Th Generation
"Sultanabad, Karachi","Rs 30,000",LENOVO THINKPAD LAPTOP
"North Nazimabad, Karachi","Rs 34,000",Toshiba i5 6th genration (4hrs plus battery backup gurantee)
"Korangi, Karachi",Rs 500,TP-LINK high Range Wifi Adaptor for PC and Laptop
"Clifton - Block 2, Karachi","Rs 28,000",. . . . .
"Saddar, Karachi","Rs 37,000",Dell Laptop best Series Intel Core i7 32 GB RAM
"Garden East, Karachi","Rs 20,000","Chromebook 4GB 32GB Play Store, Touchscreen Chrome Book"
"DHA Phase 6, Karachi","Rs 90,000",HP G7 250 Core i5 8th gen 256gb SSD
"Model Colony - Malir, Karachi","Rs 40,000",Lenovo Ideapad 100 Core i3 5th Generation
"New Karachi, Karachi","Rs 12,000",HP pavilion DV 6000
"Bhains Colony, Karachi","Rs 43,000",Apple Macbook Air 2015 11 inches
"Federal B Area - Block 17, Karachi","Rs 117,000",Lenovo ideapad 5 15ITL05 OPEN BOX Core™ i5-1165G7 11TH GEN
"Liaquatabad, Karachi","Rs 15,000",hp laptop core I 5 2nd generation 4gb 320 GB
"Gulzar-E-Hijri, Karachi","Rs 22,500",HP A4 Laptop 4th Generation
"Federal B Area - Block 8, Karachi","Rs 70,000",HP EliteBook 850 G2 - Core i7 5600U / 2.6 GHz
"Liaquatabad, Karachi","Rs 15,500",Laptop core 2 due
"Mehmoodabad, Karachi","Rs 98,000",asus laptop 7genration core i5
